{"0": {"drift": [0.3422439665971989, 0.2612474262398086, 0.1762266021895957, 0.21534818859844904, 0.3926360175164946, 0.6443026597393827, 0.21629047015021652, 0.23125265347571397, 0.3011721153995652, 0.27596509355990834], "timestep": [3000, 3000, 3000, 3000, 3000, 1164, 3000, 3000, 2238, 1851]}, "10": {"drift": [0.258191159901213, 0.32359252926999016, 0.25240626952582074, 0.2690504527656661, 0.24274266377516834, 0.231302338100647, 0.2948795827261023, 0.23998683061267137, 0.3665549455983014, 0.30233191930120784], "timestep": [2164, 3000, 3000, 3000, 3000, 3000, 3000, 3000, 3000, 3000]}, "20": {"drift": [0.2669752790260527, 0.282516779187982, 0.3686516577159545, 0.3059625973105018, 0.30214847491628555, 0.190266136205337, 0.3169326413723775, 0.19375989598686438, 0.23374185407575615, 0.31536716051277136], "timestep": [3000, 1855, 3000, 3000, 3000, 3000, 3000, 3000, 3000, 3000]}, "30": {"drift": [0.35070355822622257, 0.23622728761920442, 0.3140492068119236, 0.3169624072875411, 0.2820095051454523, 0.261751780183912, 0.28967278691224957, 0.3873935833854189, 0.27242125102669534, 0.46444421638170463], "timestep": [3000, 3000, 3000, 3000, 3000, 3000, 3000, 3000, 3000, 3000]}, "40": {"drift": [0.24677753953607112, 0.30072079225597775, 0.43753510609618257, 0.4401900809619003, 0.22619174796374542, 0.22104685004711305, 0.23561120640926328, 0.33587333446817197, 0.32346714481692146, 0.2528738547894416], "timestep": [3000, 3000, 3000, 334, 3000, 3000, 2952, 3000, 3000, 3000]}, "50": {"drift": [0.2596822753715766, 0.4679401772087873, 0.3585396907718182, 0.29462421731798133, 0.22969364146814666, 0.2259010836501193, 0.1931286133297496, 0.14770153207758144, 0.4373191106765615, 0.29399183623187286], "timestep": [1502, 3000, 3000, 1669, 3000, 3000, 3000, 626, 3000, 2216]}, "60": {"drift": [0.40589090985020876, 0.1732660152978618, 0.36567004522723506, 0.42454849121038835, 0.3178115615944029, 0.31186001071750125, 0.2509641327289085, 0.38179266708784054, 0.2276327169365243, 0.3543532005784234], "timestep": [1481, 3000, 3000, 3000, 3000, 3000, 3000, 3000, 3000, 2417]}, "70": {"drift": [0.3861551910652947, 0.4483465898077887, 0.4942674846773729, 0.29341927709488697, 0.2036434518054688, 0.25816207989106016, 0.4541211240182405, 0.37453122432938984, 0.40787582104695547, 0.24472873346994348], "timestep": [3000, 3000, 3000, 3000, 3000, 1505, 1372, 3000, 3000, 3000]}, "80": {"drift": [0.29627674169007445, 0.27020067704300255, 0.35718841044495275, 0.502278737672976, 0.3293164412479163, 0.25433654868500666, 0.2823690550916632, 0.3562801393527058, 0.25948489834118776, 0.39397355051145694], "timestep": [3000, 3000, 3000, 3000, 3000, 3000, 3000, 3000, 3000, 3000]}, "90": {"drift": [0.3144292593723287, 0.4271698922456989, 0.31433503794335005, 0.3149090014273946, 0.6281256196070669, 0.3450112347120499, 0.38817830738474624, 0.4945042746624868, 0.32000001468695766, 0.24588761585100058], "timestep": [3000, 3000, 2971, 3000, 998, 3000, 3000, 2746, 3000, 3000]}, "100": {"drift": [0.6273602215342046, 0.37035276742555784, 0.4260322911716277, 0.2980184983016441, 0.425740340002886, 0.34503344500122, 0.44396726577422063, 0.3804787548180932, 0.31501467720026843, 0.403428105086839], "timestep": [3000, 1019, 3000, 3000, 3000, 3000, 3000, 3000, 1335, 3000]}, "110": {"drift": [0.28783194007342094, 0.39086833165653356, 0.31656931815501677, 0.3670271212940814, 0.2393275932991445, 0.3258890700626404, 0.38410631400504114, 0.36001423641608077, 0.3156283364042808, 0.43949048266095847], "timestep": [3000, 3000, 3000, 3000, 1882, 3000, 3000, 2158, 3000, 3000]}, "120": {"drift": [0.4131094677775584, 0.37246673169932965, 0.3547817659038855, 0.36825636256610067, 0.29617999013590673, 0.2402034111664898, 0.24038669499826598, 0.5188261570310967, 0.41602479980091495, 0.3116837703821364], "timestep": [2008, 3000, 2666, 3000, 3000, 626, 814, 3000, 3000, 3000]}, "130": {"drift": [0.39045869206741296, 0.3177552453092264, 0.6108272602246944, 0.41336888614930045, 0.44113400987425144, 0.5267800478242011, 0.49872103332705336, 0.39453681241298316, 0.372403319909785, 0.5315107278113648], "timestep": [3000, 3000, 3000, 3000, 3000, 3000, 3000, 3000, 3000, 3000]}, "140": {"drift": [0.4619401973613088, 0.49117561883680994, 0.3922506034998344, 0.4449134154136198, 0.3453789012756791, 0.48463897833171143, 0.5653155940115145, 0.4582342779957385, 0.6023950820761101, 0.49559637859220423], "timestep": [3000, 3000, 2074, 3000, 749, 1913, 3000, 3000, 1531, 3000]}, "150": {"drift": [0.4530634118971085, 0.3115785418692267, 0.583212795262668, 0.4371037969184974, 0.3504036397768204, 0.48358000034630544, 0.47684954468429364, 0.3871579447825846, 0.36105386231046654, 0.4701715677411782], "timestep": [3000, 1212, 1269, 2005, 1232, 3000, 3000, 2939, 2537, 3000]}, "160": {"drift": [0.5353351355249764, 0.6328690040321842, 0.76527352786201, 0.5020576152130978, 0.389223614037698, 0.6410231645900377, 0.4584162582297067, 0.5148578917418685, 0.38395618054292824, 0.42492946656407676], "timestep": [3000, 3000, 3000, 3000, 3000, 3000, 3000, 2818, 1423, 3000]}, "170": {"drift": [0.4238103447870771, 0.7779045311592443, 0.5963176706544937, 0.48055794729312856, 0.4829776541262777, 0.6489165684039954, 0.2649759247153734, 0.556325265801998, 0.23441040364885626, 0.4956316441781755], "timestep": [2045, 1100, 2002, 3000, 3000, 3000, 616, 2965, 687, 3000]}, "180": {"drift": [0.4263629142513899, 0.2831719554410682, 0.329859456691275, 0.5581394544399956, 0.5130194856973874, 0.15380058778187564, 0.4001635291273394, 0.571295316493642, 0.17886089952106107, 0.3948381317052025], "timestep": [1285, 1060, 706, 1295, 3000, 404, 591, 3000, 631, 3000]}, "190": {"drift": [0.41860517151721366, 0.10238626220930723, 0.4693919526520237, 0.4821350987818255, 0.29996440871900404, 0.721370204743999, 0.3450437083356284, 0.4992597050598652, 0.2704979799432448, 0.5564612430066934], "timestep": [3000, 590, 2894, 3000, 649, 3000, 3000, 3000, 672, 3000]}, "200": {"drift": [0.5021159826483166, 0.3268089004815275, 0.2733148396807561, 0.3879199207497954, 0.2553999488665771, 0.6256129549567071, 0.641225583751221, 0.43248633140129034, 0.3983718982543085, 0.30852505095138316], "timestep": [3000, 1560, 1933, 2067, 681, 3000, 3000, 3000, 3000, 2999]}, "210": {"drift": [0.4560229808035387, 0.31226853964123175, 0.34420478533483795, 0.4397881307065992, 0.3818477695302978, 0.3416097810549148, 0.5204463745554948, 0.4774100833994747, 0.6035853998528053, 0.19868741814450136], "timestep": [3000, 659, 3000, 3000, 2352, 1271, 3000, 3000, 1270, 586]}, "220": {"drift": [0.45401049119210773, 0.3516417930215793, 0.3760495597353079, 0.3480411934213697, 0.48734420518499255, 0.5632761571983732, 0.32106939900608994, 0.4138006937443928, 0.3575225147468399, 0.2553017825946886], "timestep": [3000, 2964, 1803, 3000, 3000, 3000, 3000, 2405, 1242, 1220]}, "230": {"drift": [0.450696430397082, 0.3203203242617078, 0.29048419037924167, 0.3550645434892556, 0.26460371656773307, 0.34905123460863924, 0.3384429210532343, 0.46609844795852884, 0.4126797116995493, 0.41640530845708434], "timestep": [3000, 3000, 3000, 1676, 660, 2370, 3000, 1780, 3000, 3000]}, "240": {"drift": [0.334362888179145, 0.36578791229447416, 0.36274618687166565, 0.5778600602713708, 0.40743002926167626, 0.2635692729841779, 0.5175359981467346, 0.3046366150904251, 0.3548879023249154, 0.2853229085822021], "timestep": [3000, 713, 1264, 2673, 3000, 3000, 3000, 3000, 2993, 1882]}, "250": {"drift": [0.33481499473112036, 0.5007714358604247, 0.29498156669549963, 0.2194490728814082, 0.4369534199543717, 0.564999063425153, 0.2728354014454962, 0.490441661785176, 0.24184208795187412, 0.33322127657135064], "timestep": [3000, 3000, 3000, 664, 3000, 3000, 3000, 3000, 3000, 3000]}, "260": {"drift": [0.31506796875250725, 0.2021955986125429, 0.2829287000187582, 0.2698173637993107, 0.30654275919739005, 0.5157179786649617, 0.3704579655045346, 0.27427791626204756, 0.2635467566419944, 0.6352781873638756], "timestep": [3000, 730, 3000, 3000, 3000, 2523, 3000, 3000, 3000, 932]},