{"0": {"drift": [0.3505081544771772, 0.23343788939771995, 0.3885322874202587, 0.29272422388301483, 0.2669371751459114, 0.316542241681753, 0.22413029111704547, 0.350154778421369, 0.30812549422560614, 0.24373528980591733], "timestep": [3000, 3000, 3000, 3000, 3000, 3000, 3000, 1999, 3000, 3000]}, "10": {"drift": [0.2702958200066468, 0.2454780985746175, 0.2788055164919943, 0.31162225142581546, 0.26171000762669944, 0.2682609774059166, 0.26801377645637386, 0.2673469761653044, 0.2972979856925297, 0.2393690938112928], "timestep": [3000, 3000, 3000, 3000, 3000, 3000, 3000, 3000, 3000, 2965]}, "20": {"drift": [0.29502606012016225, 0.27276987140843306, 0.2820236144378618, 0.47596812801630717, 0.3218920837193985, 0.2654395028476455, 0.2943561582973037, 0.32399465977376946, 0.23324577184703332, 0.2937184868054528], "timestep": [3000, 3000, 3000, 1301, 3000, 3000, 3000, 3000, 3000, 3000]}, "30": {"drift": [0.37517878585665965, 0.21082392711460163, 0.4019016784238858, 0.3287931481209684, 0.23067012572906506, 0.30095635817512256, 0.22292640274257094, 0.24440864310624183, 0.3217926193638422, 0.4096355959434986], "timestep": [3000, 2209, 3000, 3000, 3000, 3000, 3000, 1243, 3000, 1236]}, "40": {"drift": [0.4043061950846001, 0.249082577361405, 0.2636617982993902, 0.30690365188588725, 0.34116869025374985, 0.22037659455098166, 0.3674368966094772, 0.28574454285136186, 0.34782724027841483, 0.32922645031064307], "timestep": [3000, 3000, 3000, 3000, 3000, 3000, 3000, 3000, 3000, 445]}, "50": {"drift": [0.271061957422759, 0.16559855726544018, 0.3980567856060958, 0.31013196142835664, 0.3117467666587628, 0.2886041782352823, 0.357757367149103, 0.29369187464457125, 0.1265638870618953, 0.3167859483019059], "timestep": [3000, 1607, 3000, 3000, 1592, 3000, 3000, 3000, 1181, 3000]}, "60": {"drift": [0.317170878849682, 0.16681706733201715, 0.26551382488719505, 0.27190491573494574, 0.3555293825991143, 0.23659261379061294, 0.4908461209176059, 0.26668288248957517, 0.2688254540156821, 0.20425504271026412], "timestep": [3000, 105, 3000, 3000, 3000, 3000, 3000, 3000, 3000, 3000]}, "70": {"drift": [0.2921638320059907, 0.32467092289244315, 0.3075981102452574, 0.49448055459572193, 0.28876665984402144, 0.340475578031464, 0.2855627280832836, 0.29299205549482005, 0.21887851913947787, 0.23519483072405759], "timestep": [3000, 3000, 768, 633, 3000, 3000, 413, 2891, 3000, 3000]}, "80": {"drift": [0.30079833926271965, 0.2726944864993984, 0.4024487320807472, 0.3053077547961737, 0.32403033157810074, 0.38782521789249497, 0.24832217472735002, 0.35494530749766334, 0.278457153991904, 0.37784061938266555], "timestep": [970, 3000, 3000, 3000, 3000, 3000, 2468, 3000, 3000, 3000]}, "90": {"drift": [0.4072546557646721, 0.30844065416572525, 0.35069333902913974, 0.19707941350905214, 0.47932085747041764, 0.3423318825523532, 0.3375571408555826, 0.4488941645509267, 0.2552981233577857, 0.27888963432197567], "timestep": [3000, 3000, 3000, 114, 3000, 3000, 3000, 3000, 2991, 3000]}, "100": {"drift": [0.2971056964348076, 0.40185348269976545, 0.4425063228537927, 0.3549757543736894, 0.40349528371298343, 0.24093902782496002, 0.3600414705259779, 0.3114603088686295, 0.36507773126327553, 0.30135636057027915], "timestep": [1339, 3000, 3000, 3000, 1018, 148, 3000, 541, 3000, 3000]}, "110": {"drift": [0.35242923537248666, 0.4706296789155375, 0.3366382244684258, 0.7479182703736845, 0.46409741171825375, 0.2542056645762831, 0.4112371076803118, 0.22380405997518418, 0.31619076582700706, 0.49121441438573127], "timestep": [3000, 3000, 3000, 3000, 2603, 1217, 2663, 138, 3000, 3000]}, "120": {"drift": [0.268684610999104, 0.424014021337249, 0.21030614635664394, 0.49798138212188897, 0.37915738445023484, 0.3645399340047087, 0.2336932698478943, 0.32683518972421227, 0.45657775176147125, 0.502873297411696], "timestep": [977, 3000, 477, 792, 3000, 3000, 144, 3000, 1560, 3000]}, "130": {"drift": [0.4018236853633447, 0.22167412956608273, 0.44508486908269107, 0.51564144253106, 0.3380032393416645, 0.3472071360077982, 0.45551827364733843, 0.5378592875250918, 0.35891545009515907, 0.36787539465826946], "timestep": [2866, 103, 969, 462, 2072, 725, 3000, 3000, 364, 3000]}, "140": {"drift": [0.3894828724074981, 0.42881090704237795, 0.40718895633175994, 0.6580610622021434, 0.21420435086484502, 0.3717278329122673, 0.5755443817346835, 0.5221743265074514, 0.42883953333722424, 0.5030960849472915], "timestep": [467, 3000, 2160, 3000, 948, 2192, 3000, 2820, 3000, 587]}, "150": {"drift": [0.5382001312508693, 0.4178375746256379, 0.4750623045264113, 0.22834007802306558, 0.41357891615904435, 0.37796649805353644, 0.31979191689842884, 0.23945245478407418, 0.3924489473785032, 0.6479470704771769], "timestep": [3000, 1169, 931, 447, 2405, 1432, 474, 425, 3000, 2044]}, "160": {"drift": [0.3825975719706671, 0.4420355508955167, 0.40105402610452895, 0.13950145106909292, 0.4426141195865362, 0.543678845604123, 0.3449556313885999, 0.3232999257799749, 0.36262879250804536, 0.5530007051420986], "timestep": [3000, 2295, 2011, 154, 1382, 478, 289, 746, 1048, 3000]}, "170": {"drift": [0.350884777073934, 0.4640953203931659, 0.42173940365653356, 0.2554526515021629, 0.6363168611331861, 0.32573315806240843, 0.44074384294545177, 0.41843797501924135, 0.5189655421666601, 0.2954595383622952], "timestep": [1105, 3000, 2026, 462, 281, 370, 1031, 1543, 674, 940]}, "180": {"drift": [0.4703568295216454, 0.3717954423488052, 0.36040418438296307, 0.37259128046904916, 0.467564033832323, 0.2891080873901171, 0.4977778848365627, 0.38523344267040094, 0.8889729888345754, 0.35630431142176167], "timestep": [1019, 1549, 1274, 1614, 1607, 934, 3000, 884, 659, 1029]}, "190": {"drift": [0.5801625500236616, 0.41856572367298206, 0.6080813570149849, 0.34372815596703055, 0.5345382254467504, 0.30690245441535735, 0.5006125537969665, 0.49128369650174686, 0.30597760358646536, 0.4997075729679144], "timestep": [2090, 1929, 3000, 3000, 3000, 506, 3000, 832, 407, 3000]}, "200": {"drift": [0.441208575004996, 0.33541425716609036, 0.23536482860612168, 0.5270071127786035, 0.4117550987285739, 0.23157065702368665, 0.25025055576781263, 0.5235377193377418, 0.4994336212824043, 0.3515043121689082], "timestep": [703, 1532, 449, 3000, 2414, 473, 901, 3000, 3000, 3000]}, "210": {"drift": [0.45888874292927023, 0.34047963342102344, 0.4627692484739522, 0.524299366736183, 0.45011533755553434, 0.4710554652492815, 0.4052400540447686, 0.2989493491552845, 0.44868939499921845, 0.45965978176102396], "timestep": [967, 2710, 3000, 1297, 3000, 1944, 3000, 3000, 405, 2007]}, "220": {"drift": [0.281141771838389, 0.3844928518855988, 0.34300020313083984, 0.5058951703047885, 0.46398260639730976, 0.5499200059329858, 0.3867470399613432, 0.4330961962339194, 0.5417509811959168, 0.35673508859130715], "timestep": [146, 3000, 620, 1369, 490, 2577, 3000, 3000, 3000, 3000]}, "230": {"drift": [0.33518090239796733, 0.3751673170514676, 0.2616182139164426, 0.6207696268258891, 0.5335399740129719, 0.5140646380998354, 0.30354603236941796, 0.446925345675175, 0.37031403348139125, 0.2910784226663962], "timestep": [3000, 3000, 3000, 954, 3000, 1398, 1665, 3000, 3000, 3000]}, "240": {"drift": [0.4760697345186198, 0.3187216329277592, 0.49193605608614466, 0.35506223290696637, 0.46012345292032586, 0.3596284732557908, 0.2696431188271248, 0.43713667336496764, 0.3480000589098657, 0.3870066591930689], "timestep": [605, 3000, 1578, 3000, 3000, 1793, 3000, 3000, 3000, 3000]}, "250": {"drift": [0.30265271851140196, 0.29941843522739525, 0.27267953167088343, 0.3084558984081972, 0.4239916348282148, 0.3515388472003383, 0.27723913517968835, 0.5961310511611092, 0.5186758039906497, 0.46358983417127125], "timestep": [2483, 3000, 3000, 972, 3000, 3000, 3000, 3000, 3000, 3000]}, "260": {"drift": [0.3317810367380343, 0.4148254806389529, 0.3153389682406609, 0.2814868850323287, 0.31906657458011706, 0.5325964600454914, 0.3348223722526016, 0.32525773557242044, 0.2765215010887453, 0.45431097955658367], "timestep": [3000, 3000, 2471, 3000, 1825, 1864, 2895, 3000, 3000, 2474]},