{"0": {"drift": [0.13440064711180033, 0.18304523314532217, 0.16655594905582927, 0.13987471192151865, 0.13308271986733314, 0.1298471138493801, 0.12740473256769796, 0.14769746857216604, 0.1273279455865464, 0.1169343968365297], "timestep": [3000, 3000, 3000, 3000, 3000, 3000, 3000, 3000, 3000, 3000]}, "10": {"drift": [0.11110282610153434, 0.15760700564916602, 0.1215258438265869, 0.12311972775302334, 0.11304021998279715, 0.14869942811464382, 0.11672837950610934, 0.1349724296672843, 0.11186565303441519, 0.3342596969272659], "timestep": [3000, 3000, 3000, 3000, 3000, 3000, 3000, 3000, 3000, 3000]}, "20": {"drift": [0.26347038163190367, 0.14882604279905864, 0.19592365746993382, 0.1506510172579381, 0.3924068292868255, 0.13632593659953002, 0.17183897187810984, 0.13768065663098908, 0.1784706841550569, 0.15740777676096113], "timestep": [1118, 3000, 858, 3000, 587, 3000, 3000, 3000, 921, 1264]}, "30": {"drift": [0.17397603421654392, 0.15993440413435203, 0.16319240543767916, 0.17638007867791203, 0.19425295736038523, 0.24764817300597936, 0.14949112885851737, 0.16952245863553836, 0.2553297317424192, 0.16012672973203593], "timestep": [2958, 3000, 700, 3000, 3000, 2041, 3000, 3000, 3000, 2711]}, "40": {"drift": [0.2039879720689338, 0.15301701736589302, 0.18034711801505723, 0.23872037016619063, 0.20017778670826464, 0.15586687893002582, 0.18086725087295466, 0.22741255610855293, 0.2526784895752744, 0.15902922408620448], "timestep": [3000, 3000, 3000, 1761, 3000, 3000, 1541, 3000, 3000, 3000]}, "50": {"drift": [0.18461874463591527, 0.23458652066262062, 0.32611294089460785, 0.2051883829109977, 0.2515793581553601, 0.2381149644619286, 0.20641237875384127, 0.21862078862240214, 0.2605462234019958, 0.20499838476954202], "timestep": [1608, 3000, 721, 3000, 3000, 1306, 3000, 3000, 3000, 3000]}, "60": {"drift": [0.2961230528200423, 0.2537132993201121, 0.28017339243769446, 0.22709357311283593, 0.3204632508867654, 0.292482358454559, 0.26376779309635, 0.2164682511538319, 0.31398285740162213, 0.22080075614778602], "timestep": [1099, 3000, 3000, 2745, 3000, 3000, 3000, 3000, 1926, 3000]}, "70": {"drift": [0.2232765429731815, 0.23918066044937172, 0.35206124911401815, 0.3087575122579719, 0.257204375116887, 0.22000237716682144, 0.3601576120496489, 0.38833572714988024, 0.3296779490212909, 0.3937611994095294], "timestep": [2765, 3000, 3000, 3000, 3000, 3000, 3000, 859, 3000, 1020]}, "80": {"drift": [0.2669510219615911, 0.27192194336725767, 0.28067149850245837, 0.361227706527926, 0.336532379793297, 0.2998832685325478, 0.23907134027852778, 0.3516937933525913, 0.32594624611220296, 0.283314985737264], "timestep": [3000, 3000, 3000, 3000, 3000, 2067, 3000, 3000, 1289, 3000]}, "90": {"drift": [0.3565335580508109, 0.3222030182400975, 0.3330291538569413, 0.25168306155516884, 0.2563302116975978, 0.25222332574703943, 0.30523084115201804, 0.5901574283207992, 0.44716636349231054, 0.3484441635069656], "timestep": [3000, 1436, 3000, 3000, 654, 1565, 2767, 491, 3000, 456]}, "100": {"drift": [0.3088465340774448, 0.30349342237163546, 0.4050412417180308, 0.3136755053833326, 0.45604441569055554, 0.41204676224003617, 0.40400953827814834, 0.3242714077213192, 0.2551963268143841, 0.41425093178326], "timestep": [3000, 1750, 3000, 3000, 3000, 1117, 3000, 1046, 3000, 3000]}, "110": {"drift": [0.41346296069531013, 0.384666568086683, 0.2816129236285626, 0.3410485991770827, 0.2171090399262881, 0.48441649022930805, 0.41443567350429594, 0.37368353799142784, 0.4247913520346259, 0.3664929240006423], "timestep": [3000, 3000, 3000, 3000, 702, 381, 1035, 3000, 1414, 3000]}, "120": {"drift": [0.30587766992703497, 0.36846318811757056, 0.3785090307235409, 0.41846840646068734, 0.3972764313789835, 0.34608859890928506, 0.25962042884767256, 0.3344443755585694, 0.2808830442448231, 0.3538607762509173], "timestep": [3000, 3000, 3000, 1092, 1573, 990, 705, 3000, 3000, 3000]}, "130": {"drift": [0.3438503070513619, 0.23148391907024424, 0.4990168558038043, 0.5188412146848291, 0.3475822512933702, 0.37643016185534994, 0.23807746934426008, 0.3774195751876567, 0.506816719548088, 0.2733870276842409], "timestep": [808, 391, 3000, 1250, 2242, 808, 265, 1465, 1954, 1658]}, "140": {"drift": [0.38082767202823453, 0.3417113169570569, 0.40513988642113646, 0.5096249099154656, 0.39000262745048364, 0.4863126662970276, 0.5713568858780808, 0.4502357404682469, 0.35220756701876255, 0.2816102643433807], "timestep": [776, 3000, 3000, 3000, 3000, 1477, 3000, 3000, 752, 2566]}, "150": {"drift": [0.46682072366687233, 0.4307794902669625, 0.18100620047737556, 0.4306501566985583, 0.42051390563568847, 0.379492494940976, 0.5451879479801083, 0.23131278219421253, 0.36126562722587896, 0.46932303008550663], "timestep": [1076, 3000, 421, 3000, 3000, 3000, 520, 747, 394, 3000]}, "160": {"drift": [0.3294550636276386, 0.42435750168157715, 0.4093862825295858, 0.23968461978740713, 0.3433252112288189, 0.2894601878222839, 0.2683899047221955, 0.3392361266573857, 0.2390455171300908, 0.41032682231918144], "timestep": [3000, 1574, 3000, 2941, 860, 1058, 1213, 2116, 1088, 1529]}, "170": {"drift": [0.3798051169487721, 0.389723145658997, 0.3760371980158588, 0.41118874600175215, 0.5390899265152812, 0.5771853978690757, 0.35744307680510023, 0.21863960268649774, 0.2528396660580185, 0.5231802048610465], "timestep": [3000, 757, 760, 2326, 1196, 2140, 814, 397, 400, 1923]}, "180": {"drift": [0.5466305724121217, 0.704633203495986, 1.0308225201540842, 0.8229751840480736, 0.3983749203157692, 0.29390322308840705, 0.8091450254308088, 0.24165940853143789, 0.39525687487718364, 0.7055397625206032], "timestep": [1323, 3000, 1553, 1028, 3000, 433, 1395, 655, 1194, 3000]}, "190": {"drift": [0.4492415202524712, 0.556356234925264, 0.6353069862812051, 0.6387046093160533, 0.47063462034238573, 0.49093518377509415, 0.522259810485961, 0.6072491608782026, 0.5540020585660993, 0.440158802105849], "timestep": [3000, 3000, 1287, 2153, 749, 3000, 3000, 3000, 2784, 3000]}, "200": {"drift": [0.5142210179142795, 0.25569327998551816, 0.6551132836476283, 0.5941097535220831, 0.6254098386469482, 0.15651600546525257, 0.611920943971887, 0.6709777132884807, 0.7136545396314953, 0.30913293037316714], "timestep": [2715, 250, 3000, 1405, 3000, 309, 3000, 2414, 2400, 465]}, "210": {"drift": [0.5927866347527947, 0.5619960126671055, 0.5557035321803216, 0.6125742841594682, 0.5294421176481072, 0.5621734354433675, 0.3791219071433071, 0.53597146361302, 0.5793950084015834, 0.6690956249236701], "timestep": [3000, 3000, 2888, 1738, 1174, 1917, 363, 3000, 2201, 3000]}, "220": {"drift": [0.6930806945772819, 0.5424023294921057, 0.4356532383168009, 0.5261756567149147, 0.5098225514325234, 0.4203779733271458, 0.48829625111528563, 0.5798566345733365, 0.6020217981699584, 0.5296488097936952], "timestep": [3000, 1124, 1122, 1149, 3000, 1572, 3000, 3000, 730, 463]}, "230": {"drift": [0.4482592241408711, 0.437250940629724, 0.45912888939584423, 0.4957825492916993, 0.532586771354048, 0.6589209083754293, 0.4357238441977796, 0.5157799975707307, 0.5891116008406038, 0.4467749713101498], "timestep": [1063, 3000, 429, 2522, 3000, 1042, 3000, 2172, 1124, 1710]}, "240": {"drift": [0.5411113112927802, 0.40086669825545723, 0.5900598965349624, 0.4307847210784128, 0.44073563766877905, 0.4596451139953826, 0.2851062266812652, 0.36547628582112307, 0.46607905094471647, 0.5067059778129377], "timestep": [3000, 1446, 2438, 3000, 1709, 1801, 773, 2087, 3000, 2430]}, "250": {"drift": [0.48736624149309543, 0.36308081338404546, 0.5015040345004592, 0.3888317513961644, 0.5296537432919842, 0.3447087202902285, 0.501266982122456, 0.5437308060692914, 0.2894597417527743, 0.6557362141659353], "timestep": [3000, 2039, 3000, 677, 3000, 503, 3000, 1327, 416, 3000]}, "260": {"drift": [0.3309797708674099, 0.41456283575000485, 0.462037415906293, 0.31790264364752996, 0.48886373712111253, 0.4719429736374519, 0.42763443866369116, 0.4513024437724746, 0.2795240126019871, 0.47505699029820747], "timestep": [1886, 3000, 3000, 107, 3000, 3000, 1538, 3000, 669, 2585]},