{"0": {"drift": [0.25144896242258963, 0.17725900179628876, 0.14793695649999936, 0.1912397315061157, 0.16745372767748853, 0.21958595851073123, 0.1538089884819313, 0.13396004489992624, 0.15415951809723835, 0.19636329053404855], "timestep": [772, 316, 3000, 3000, 2664, 3000, 3000, 763, 3000, 1385]}, "10": {"drift": [0.3038096841868395, 0.1636523855460776, 0.30578229255053824, 0.3550055985433418, 0.32823202713586996, 0.2070571127102961, 0.1550249730058933, 0.19509607069536014, 0.15001093061111584, 0.607548824749252], "timestep": [659, 1359, 1674, 1247, 97, 1200, 3000, 3000, 3000, 154]}, "20": {"drift": [0.20753700236872008, 0.21483912943615835, 0.22642645554362703, 0.15136948844238876, 0.34078463117750335, 0.18013625497756985, 0.19622102556253235, 0.16300759713462462, 0.18587474703213794, 0.18142041723428096], "timestep": [3000, 3000, 326, 322, 1030, 3000, 3000, 3000, 3000, 3000]}, "30": {"drift": [0.2184205963686542, 0.23960702680374613, 0.2655799106400818, 0.18875149224966176, 0.21403121781683682, 0.18884234224089422, 0.16765403207673182, 0.2546961075955027, 0.14840791582757665, 0.19751836791535285], "timestep": [3000, 2549, 3000, 3000, 3000, 3000, 1669, 1326, 3000, 2099]}, "40": {"drift": [0.42138506078728516, 0.18577970369846564, 0.19307296106072686, 0.1774146233999794, 0.5439759917163918, 0.15641163918506734, 0.28014995052146796, 0.2298974167214695, 0.26311420093436066, 0.24454260880492387], "timestep": [567, 3000, 2783, 3000, 215, 3000, 437, 3000, 3000, 765]}, "50": {"drift": [0.22114877151488946, 0.2600939898464572, 0.18182021817838365, 0.18041966425697759, 0.25058267081414914, 0.24525922062738, 0.18381271799591717, 0.17537608893376713, 0.1698472033446737, 0.23853051140897114], "timestep": [2177, 2695, 3000, 503, 1726, 851, 2382, 3000, 1990, 3000]}, "60": {"drift": [0.2593549077585455, 0.26352107266902497, 0.23119889078497272, 0.2387536274483898, 0.19242845307511744, 0.15089722359534888, 0.1744962157339893, 0.21208749495118906, 0.2722551359572257, 0.2755056139659979], "timestep": [3000, 3000, 3000, 1459, 3000, 1299, 3000, 2526, 583, 3000]}, "70": {"drift": [0.22448329534570532, 0.26092877519116325, 0.33967752202131063, 0.2461413654993149, 0.27186394365628463, 0.21125338705471455, 0.27183843284852277, 0.30118737804136203, 0.24028391125771972, 0.33686602566639595], "timestep": [3000, 2520, 3000, 742, 726, 520, 3000, 3000, 3000, 449]}, "80": {"drift": [0.3241830307415739, 0.17798758440559015, 0.23891505084358164, 0.3790934241760586, 0.2903398878766456, 0.19706129168949638, 0.37849112974409693, 0.25840989880340476, 0.307490761127767, 0.232251770877372], "timestep": [755, 1118, 3000, 2419, 3000, 3000, 3000, 2884, 3000, 3000]}, "90": {"drift": [0.29958100409845206, 0.2762791369405991, 0.21232112834690636, 0.2995994192287756, 0.33771569375620863, 0.264633009300599, 0.22817193010731576, 0.7450017347801032, 0.3160563629826547, 0.40610176652319924], "timestep": [993, 1111, 3000, 3000, 2604, 3000, 3000, 199, 3000, 2072]}, "100": {"drift": [0.3847209796568947, 0.324609336739264, 0.3674464835197189, 0.5465966318187213, 0.3933076740672098, 0.2555668169963443, 0.345467233878375, 0.27676235950725003, 0.2194585237690558, 0.2881903303278654], "timestep": [3000, 483, 1563, 501, 3000, 3000, 418, 745, 1673, 3000]}, "110": {"drift": [0.43762883010888776, 0.4023125737426465, 0.33776317522385946, 0.28368061358844887, 0.21815593114768686, 0.32424695387202324, 0.32722859271933685, 0.3895961600708177, 0.2761713396926756, 0.3495545039864592], "timestep": [1119, 844, 873, 2204, 435, 2346, 2255, 661, 1565, 3000]}, "120": {"drift": [0.2437357510492737, 0.3501560584127685, 0.4736230542412231, 0.23631042770669602, 0.24863250593811456, 0.38802740220540843, 0.42132931404077106, 0.27747840534440954, 0.17666873989757725, 0.29619048411696136], "timestep": [1187, 3000, 2566, 891, 2018, 3000, 2208, 371, 321, 2280]}, "130": {"drift": [0.17561140688824492, 0.36321792428612976, 0.23478305229327923, 0.3626067391201477, 0.5486913495450232, 0.2604486646365028, 0.4667659667909643, 0.4181272996064279, 0.23112540675725962, 0.2332236704000591], "timestep": [504, 1971, 840, 3000, 578, 1234, 3000, 2556, 106, 1278]}, "140": {"drift": [0.3312243386493008, 0.3616245222515143, 0.28358659884127013, 1.3781365336847862, 0.5491519452919525, 0.32007571695045267, 0.3229900105945328, 0.440594028198054, 0.2854985282860842, 0.19846639619249906], "timestep": [471, 500, 446, 64, 941, 1652, 3000, 1170, 1234, 392]}, "150": {"drift": [0.4418669778685584, 0.41363081015357195, 0.32741480084317437, 0.2919903749082458, 0.2233878291107438, 0.3647101915459356, 0.19391532389799443, 0.25595494449319534, 0.4235471037135985, 0.26791454187456626], "timestep": [3000, 1112, 511, 360, 413, 3000, 401, 328, 1764, 836]}, "160": {"drift": [0.3474577818889679, 0.24940193830871546, 0.3751049264624489, 0.34252889633567835, 0.3965391428919046, 0.4564377849612561, 0.2625117341022775, 0.3144609598501042, 0.6351333465475292, 0.333071302516726], "timestep": [2258, 972, 1408, 3000, 2078, 428, 387, 78, 489, 2312]}, "170": {"drift": [0.29171478590628, 0.32818462209834104, 0.4204176021512071, 0.29529688236209967, 0.21619417034084504, 0.36695895957635655, 0.3647671610157889, 0.2791308144609399, 0.3868863226621202, 0.35477393859429934], "timestep": [1285, 815, 2660, 1774, 802, 3000, 537, 884, 1226, 619]}, "180": {"drift": [0.4588470978682196, 0.3648501917799897, 0.2693235622868034, 0.39844747737604297, 0.3848029938084826, 0.34178213113493516, 0.388334377166061, 0.20313851951808298, 0.43377263876578925, 0.5005722656117534], "timestep": [1346, 2382, 2385, 2461, 1368, 1846, 790, 1329, 2454, 995]}, "190": {"drift": [0.3134593245186784, 0.22985762066006638, 0.509318259469996, 0.36114120462775684, 0.3169060344806616, 0.35193988336017673, 0.3062970658530997, 0.40961280217794227, 0.1578558429581754, 0.40909784522777354], "timestep": [949, 411, 3000, 941, 766, 1199, 3000, 3000, 313, 3000]}, "200": {"drift": [0.41241208184171424, 0.45232268994671543, 0.4222675506884017, 0.34729871262893186, 0.35153285698764486, 0.25898542761763965, 0.29546782230286117, 0.23296848309893595, 0.45244008192142593, 0.2541737201969112], "timestep": [3000, 998, 1322, 1414, 3000, 502, 761, 366, 797, 487]}, "210": {"drift": [0.32267395287141415, 0.43408266107883403, 0.14816489240225972, 0.43264518305870187, 0.33159492743281743, 0.3477021271145482, 0.3493666468530601, 0.3337634246874106, 0.3867139421073346, 0.4669707318505373], "timestep": [1349, 1010, 389, 1779, 1690, 592, 3000, 3000, 3000, 1608]}, "220": {"drift": [0.4040699164016565, 0.50181420331649, 0.3317709512732813, 0.1920918196497075, 0.32881839240352356, 0.1817056092360753, 0.5234025112631063, 0.27594735465770076, 0.5991400790891818, 0.2971104032723801], "timestep": [2091, 2229, 3000, 495, 1082, 410, 1369, 1217, 895, 2299]}, "230": {"drift": [0.48641669566376244, 0.3322666875448238, 0.3603822445599424, 0.27030368229029483, 0.3393808415799688, 0.2525946224648671, 0.3169133472020568, 0.37036539001233376, 0.25772020978569166, 0.4043422393341046], "timestep": [1683, 2077, 1894, 719, 2150, 609, 864, 406, 2926, 2842]}, "240": {"drift": [0.2727280719823384, 0.25029022520119676, 0.29110468789194377, 0.2477377028894537, 0.3355518599479203, 0.1510182127550299, 0.32043896009949674, 0.6638899082631491, 0.3014277643074855, 0.31734400918736694], "timestep": [2279, 767, 2141, 484, 1197, 438, 1143, 1480, 3000, 2350]}, "250": {"drift": [0.22503729536789518, 0.264302349966103, 0.21253656876990246, 0.43697479980266446, 0.4201924828611677, 0.34275431866389566, 0.24029792197502012, 0.591729872565981, 0.3415286458594522, 0.25526001510106977], "timestep": [2251, 3000, 452, 991, 3000, 1051, 2990, 566, 3000, 139]}, "260": {"drift": [0.23237173266120578, 0.24100682058952344, 0.37163356087017857, 0.3143808768536154, 0.2654615796831993, 0.2428244514070708, 0.30957015114897046, 0.42006125382877246, 0.3223718416300783, 0.367183521496564], "timestep": [3000, 358, 132, 3000, 3000, 2522, 3000, 1582, 1547, 3000]},