{"0": {"drift": [0.23341430498390445, 0.20768467516505007, 0.18820429109534584, 0.22375794633953713, 0.24728633375393436, 0.21661484883036305, 0.2601428454095613, 0.169254501231667, 0.21353342613162504, 0.28484413772655015], "timestep": [2895, 1905, 1810, 1181, 3000, 3000, 2880, 897, 3000, 139]}, "10": {"drift": [0.17485854412994595, 0.18048008426833018, 0.18704177801069155, 0.2220645075623689, 0.1577751285062691, 0.27031846196515047, 0.3638380714354121, 0.22220755279963186, 0.1538795628380739, 0.2605625311443878], "timestep": [3000, 2004, 3000, 3000, 1379, 725, 271, 3000, 1019, 3000]}, "20": {"drift": [0.23562470356393814, 0.16377590520322516, 0.22862923014560313, 0.18635404341756281, 0.19404903941859425, 0.24268109995643453, 0.17161838371656918, 0.2405388737310715, 0.1966376266252405, 0.22408784490254216], "timestep": [365, 492, 3000, 2023, 669, 3000, 1459, 1591, 3000, 574]}, "30": {"drift": [0.21531793292895776, 0.29067019523843174, 0.2415056162200145, 0.21145111638307215, 0.18426021914919893, 0.21686609200201984, 0.20849065152479693, 0.20255564724804853, 0.13730487550167655, 0.3577464060528267], "timestep": [2839, 3000, 3000, 3000, 2864, 2960, 2827, 2739, 3000, 119]}, "40": {"drift": [0.27996134974568054, 0.152355765008028, 0.12235977978583705, 0.1533072359474147, 0.24060955343741106, 0.27366802063819995, 0.20577010640730056, 0.17979910144742708, 0.1805803292051236, 0.2624819966300835], "timestep": [3000, 1643, 137, 3000, 2870, 3000, 1761, 3000, 2628, 1564]}, "50": {"drift": [0.3282511021922619, 0.3295931602427844, 0.2489267850268547, 0.1405655750966231, 0.1548608904735622, 0.20736131791692147, 0.2209747634909449, 0.28962022423605555, 0.1758062194129482, 0.16647434028567795], "timestep": [3000, 848, 3000, 169, 365, 173, 1145, 1747, 3000, 1024]}, "60": {"drift": [0.24142782102299423, 0.25036766529839505, 0.20203602348268276, 0.2636887166538823, 0.27125248307639155, 0.23452458066631296, 0.15431678872159252, 0.3300500765583261, 0.2732849605533824, 0.11793737312646306], "timestep": [1373, 2155, 3000, 1539, 2109, 1052, 370, 500, 3000, 889]}, "70": {"drift": [0.29189271864985095, 0.1705247186285901, 0.37105810274389206, 0.21295266291488946, 0.2859926063880028, 0.1688195564213674, 0.23813310456102224, 0.2175807403792723, 0.45581555198002405, 0.15713433230331464], "timestep": [2358, 3000, 765, 2522, 2021, 1835, 2599, 1106, 441, 342]}, "80": {"drift": [0.2968940939353223, 0.19905224488003231, 0.12894040140908253, 0.24044009479524014, 0.21394529166054108, 0.3487529961907478, 0.3014501690392292, 0.33317282396562914, 0.3346477712391055, 0.32546108748589103], "timestep": [1602, 133, 333, 3000, 3000, 1797, 1040, 3000, 1705, 750]}, "90": {"drift": [0.24520004883673605, 0.29351175476914815, 0.18320673498340354, 0.2892604432301961, 0.2439652424490633, 0.27728029044299346, 0.2083004141727079, 0.18994423553197798, 0.35673848964341986, 0.27446198695439034], "timestep": [399, 2032, 114, 1632, 2660, 2147, 498, 1680, 941, 3000]}, "100": {"drift": [0.29490776324936363, 0.37906605796172377, 0.31790810963283356, 0.3283429448657418, 0.3814333558541371, 0.13433000241272247, 0.35056432766961276, 0.27315133163264277, 0.25795365074883425, 0.21079633149381122], "timestep": [3000, 1533, 1063, 2881, 3000, 319, 591, 1230, 2104, 655]}, "110": {"drift": [0.536305272131692, 0.3241237182611329, 0.3119255442794213, 0.2604442818865334, 0.18510089396375884, 0.2851480322098704, 0.16085711976860095, 0.41027464437443306, 0.1360476458705994, 0.31896681551951356], "timestep": [514, 1899, 1058, 403, 345, 1782, 333, 1808, 415, 1470]}, "120": {"drift": [0.3861294281781316, 0.20301776605970326, 0.27009936404824125, 0.22860883281780445, 0.35158108141323513, 0.5028936906543656, 0.2597873504907518, 0.3101960736875187, 0.23575315528291949, 0.45443592983231273], "timestep": [1129, 734, 143, 2752, 841, 498, 482, 2513, 1724, 2638]}, "130": {"drift": [0.5148091803117123, 0.28884297005971943, 0.17401369951713475, 0.2985995213604669, 0.21310967829554917, 0.4272426675612662, 0.3400290445474866, 0.27649326939195323, 0.18073046928141734, 0.1585795545899798], "timestep": [101, 490, 273, 1918, 450, 2490, 3000, 1350, 785, 106]}, "140": {"drift": [0.2508164418975343, 0.3577152894803068, 0.5345597267776642, 0.3763446570585857, 0.48320430219659133, 0.45093462975040793, 0.2976349882168926, 0.31040585089056416, 0.23819727021962397, 0.3246342119111749], "timestep": [583, 2093, 1450, 1791, 611, 1685, 1236, 2164, 1518, 1485]}, "150": {"drift": [0.19759866584956656, 0.18290998927916022, 0.37544222960867213, 0.5312544417614818, 0.1839428112227518, 0.3679676444454555, 0.31741533400456207, 0.5397574486690325, 0.1996008610835218, 0.5676134638455241], "timestep": [457, 441, 1143, 869, 118, 2032, 1284, 1212, 398, 272]}, "160": {"drift": [0.22321256993965694, 0.33556342902314984, 0.29857258065254594, 0.5498798537450821, 0.20800273332397204, 0.18938235200601822, 0.27354740204904165, 0.3551902622369072, 0.2904552517115268, 0.31903162252869277], "timestep": [348, 145, 2598, 1665, 376, 373, 1334, 3000, 1818, 428]}, "170": {"drift": [0.41538922063889494, 0.13027282990114114, 0.46678745691532436, 0.36693085722720603, 0.19503172555437912, 0.36220478771660364, 0.298830504217237, 0.33729865374683726, 0.24527813012186642, 0.3763714898800207], "timestep": [1803, 388, 450, 622, 238, 1325, 3000, 507, 396, 1063]}, "180": {"drift": [0.21559658936605897, 0.21073760900583496, 0.36917250360760956, 0.2600946539430858, 0.25039617632077715, 0.4688941511156398, 0.1960532644466042, 0.3136999410825514, 0.4523457708499343, 0.5160267951210114], "timestep": [484, 407, 3000, 94, 275, 571, 160, 839, 2141, 2197]}, "190": {"drift": [0.28277232090918886, 0.40157585660573347, 0.24292995170081008, 0.13981074870124277, 0.5175170741556055, 0.1945847400250574, 0.4042715776310537, 0.268908447162273, 0.2438228687360648, 0.20486292239113635], "timestep": [368, 1734, 367, 403, 944, 1685, 928, 520, 1771, 119]}, "200": {"drift": [0.2535121686459376, 0.29586998280517657, 0.30748059841642505, 0.5169547906016096, 0.31424395895298163, 0.20259553112708248, 0.21516303270607343, 0.34479771930625863, 0.345438413119083, 0.3835828459739452], "timestep": [850, 457, 1345, 1334, 2453, 197, 1313, 89, 1647, 1107]}, "210": {"drift": [0.1748946341160103, 0.25729055017098684, 0.11667972112377605, 0.4097361723652686, 0.1572031992859319, 0.3881616104153892, 0.41095926311065123, 0.20651557389659161, 0.598355057014852, 0.41230094819731017], "timestep": [154, 159, 320, 2065, 84, 700, 540, 372, 1618, 1855]}, "220": {"drift": [0.3078562885363964, 0.44193693445267945, 0.24899614880083698, 0.16149337829154634, 0.35811941042083406, 0.23115266331924914, 0.16209079604734664, 0.26023420464449876, 0.42695529039559543, 0.2831860911044736], "timestep": [2862, 532, 855, 709, 416, 317, 426, 1915, 2061, 2093]}, "230": {"drift": [0.41995663014528756, 0.3200079769722467, 0.2845714330057998, 0.3218108907540221, 0.6235783487018003, 0.2879024850634312, 0.18651158633057002, 0.37464084735719727, 0.2127267834414435, 0.3395635287068302], "timestep": [1163, 1250, 761, 3000, 1200, 442, 409, 2443, 346, 2474]}, "240": {"drift": [0.32020883022944757, 0.34369484850124354, 0.27846198001206557, 0.3116913188710616, 0.28304219688739507, 0.6085524873597025, 0.21303831232958095, 0.24244902048237507, 0.3265368564756892, 0.2032673800934681], "timestep": [2688, 2294, 745, 115, 264, 672, 640, 1504, 492, 132]}, "250": {"drift": [0.21684745383632306, 0.3403457921791569, 0.3123312905821899, 0.3226550929202999, 0.35428811580015124, 0.3295847084654878, 0.3757093263946645, 0.2734636037163741, 0.20114382936952704, 0.41677899013176967], "timestep": [1137, 3000, 1115, 566, 3000, 1908, 662, 2660, 1140, 3000]}, "260": {"drift": [0.15944261536929577, 0.2786211925614914, 0.3483164565574336, 0.28652031124118915, 0.2230612093638131, 0.1754361440073513, 0.29040467086825444, 0.12454685820379427, 0.3114135931347398, 0.3662796822962677], "timestep": [403, 3000, 781, 1990, 506, 634, 471, 181, 950, 1439]},