{"0": {"drift": [0.22223449380144905, 0.2669464504491484, 0.16639388104505248, 0.18837574369588214, 0.1988647125395553, 0.2336258811493868, 0.2311231357456351, 0.15963713634396237, 0.25720247150374564, 0.34634850242799764], "timestep": [3000, 752, 644, 3000, 3000, 1490, 1741, 1991, 1628, 410]}, "10": {"drift": [0.1699893997643752, 0.23403388490539453, 0.2742591825653157, 0.27092478226841155, 0.3338221765378619, 0.37957600880865616, 0.24935467234859188, 0.2810909372000799, 0.3486940725676534, 0.220947465055171], "timestep": [3000, 3000, 1728, 1297, 1200, 1040, 1412, 1818, 240, 1987]}, "20": {"drift": [0.2338274155729075, 0.16499932898236563, 0.22588450079219186, 0.3264844052533609, 0.25140572459924054, 0.232611166062091, 0.12468121279251819, 0.25893886934089266, 0.27940418476099543, 0.21791142788250997], "timestep": [1739, 1627, 2037, 983, 3000, 1525, 174, 2461, 1752, 3000]}, "30": {"drift": [0.28113851631136055, 0.20473038091566792, 0.22212347176917194, 0.18315929154947383, 0.23923695404856465, 0.5619259437613512, 0.2299273349728636, 0.25168649000427074, 0.18484214746717853, 0.13743021137248773], "timestep": [1850, 70, 692, 1159, 3000, 251, 3000, 3000, 1891, 771]}, "40": {"drift": [0.23768893727147986, 0.2341134742377264, 0.19418897906176688, 0.16855930483986803, 0.16331843809886842, 0.10667122180337806, 0.20099674846600402, 0.20838009176301694, 0.27024377716844783, 0.6393078846311919], "timestep": [1417, 2640, 412, 729, 447, 792, 1646, 990, 2084, 493]}, "50": {"drift": [0.521487506331199, 0.22665052241517092, 0.21459204517142122, 0.20670079790378132, 0.21147728104861233, 0.1915546094020129, 0.18021235733262245, 0.27542483937256523, 0.2994257598053276, 0.26200784208425965], "timestep": [850, 3000, 509, 330, 2629, 206, 695, 1634, 2311, 3000]}, "60": {"drift": [0.49004350108683, 0.24837140378133202, 0.2480678818893832, 0.20526887010353162, 0.4474311684039266, 0.2220912128290093, 0.378298292676144, 0.20160882303676173, 0.26785127416652915, 0.23741288766976532], "timestep": [114, 2698, 1211, 708, 1367, 685, 670, 3000, 1255, 267]}, "70": {"drift": [0.23576497629258888, 0.345801234279901, 0.25078557568313103, 0.2915014452111395, 0.21437130041717944, 0.3793114709972711, 0.42011323426061026, 0.0769420704176979, 0.2941863045590113, 0.33235333946136203], "timestep": [2297, 2137, 1732, 865, 427, 1186, 2381, 237, 325, 1237]}, "80": {"drift": [0.4595314879009464, 0.12544199870409078, 0.2117017444302098, 0.1804208734609771, 0.36456747428647857, 0.39513889241412387, 0.1981433410766355, 0.21807212241182097, 0.23056002003110956, 0.33549454734906536], "timestep": [3000, 144, 1058, 440, 1489, 1334, 1774, 747, 1096, 2214]}, "90": {"drift": [0.16282998159744866, 0.27162057045182836, 0.2679051872703119, 0.255749272655852, 0.3592351446836947, 0.14405609160212318, 0.2944025944175749, 0.25479187235610595, 0.21068969240818186, 0.4110606409781296], "timestep": [225, 86, 168, 700, 1033, 322, 1573, 704, 1598, 2422]}, "100": {"drift": [0.32205719816515743, 0.31117159389220533, 0.5161577301816334, 0.5103120000173502, 0.2430071094929083, 0.2608291399038194, 0.21111902644783168, 0.26364258529544504, 0.6133426985492636, 0.3545098113867078], "timestep": [2330, 843, 1680, 543, 345, 1157, 1109, 2443, 941, 1818]}, "110": {"drift": [0.23993196096326538, 0.3535352463636619, 0.5395415760442684, 0.22244368091485092, 0.20576655787735074, 0.24536664045035872, 0.3233355784645009, 0.47728727343199845, 0.35536454957062225, 0.3221329207012439], "timestep": [518, 2024, 320, 758, 1145, 880, 654, 1416, 763, 1999]}, "120": {"drift": [0.32665354790694834, 0.6834024867437819, 0.16825263793120127, 0.27396947495264956, 0.4412983120653148, 0.11822880700753335, 0.37272121967959077, 0.28132156120021995, 0.1878389836956317, 0.30411923757045745], "timestep": [1200, 602, 94, 2035, 2859, 409, 2330, 421, 547, 141]}, "130": {"drift": [0.38329319720486843, 0.2297310884952564, 0.2119018248407277, 0.3508222091831611, 0.34862276972119627, 0.48610723523401445, 0.368549887383637, 0.36385623942467593, 0.24525865339454328, 0.32153366514963694], "timestep": [867, 418, 127, 1792, 548, 379, 1668, 3000, 789, 1765]}, "140": {"drift": [0.4210709302104864, 0.3124983522143119, 0.29452728028727454, 0.4112736359906187, 0.44762363055142196, 0.6395498793348817, 0.2369581920475928, 0.14519175730773307, 0.2989799574210103, 0.5777682324738521], "timestep": [3000, 271, 1240, 857, 1379, 1074, 763, 339, 1402, 3000]}, "150": {"drift": [0.44049897816656064, 0.48182511971988046, 0.4058279831919409, 0.2797209801955404, 0.3363798468524567, 0.17735971480301738, 0.2842102014164523, 0.29672815000242514, 0.33300290986274156, 0.18202183584207884], "timestep": [2612, 2877, 1516, 2451, 1339, 341, 1515, 970, 1677, 476]}, "160": {"drift": [0.5480856279438407, 0.2605473684860507, 0.2837188121364564, 0.4879669524019301, 0.2482834983468113, 0.31120242059350944, 0.32634894060472897, 0.1757214837007114, 0.2951036499296489, 0.09058972137705892], "timestep": [758, 855, 335, 919, 1015, 805, 450, 750, 526, 152]}, "170": {"drift": [0.21290395637511675, 0.1387387587947385, 0.24428591375011993, 0.21502881360219767, 0.09415651252039703, 0.12880819476009547, 0.22893545925606806, 0.28161912272604434, 0.3189691648697643, 0.32151269809414196], "timestep": [189, 180, 1416, 361, 361, 95, 916, 489, 3000, 1589]}, "180": {"drift": [0.5750219360729686, 0.326705567944171, 0.21551133938351538, 0.3502075288375712, 0.3843848561989675, 0.4168789696086562, 0.3315844858990153, 0.16914495995028817, 0.4042885712190441, 0.5262818309984002], "timestep": [998, 1637, 407, 782, 3000, 545, 2549, 345, 713, 1861]}, "190": {"drift": [0.261948785604947, 0.330795358643598, 0.28955330957348374, 0.2933158696499624, 0.30875883563598416, 0.2561958028889754, 0.5565252040405919, 0.3024779121314955, 0.340868251650413, 0.38260853658396166], "timestep": [226, 847, 422, 587, 306, 824, 3000, 555, 2700, 1204]}, "200": {"drift": [0.23883037054491527, 0.3397346789625677, 0.3926400509799521, 0.36312555838453264, 0.40247758489199137, 0.38150178135683593, 0.19726645595370276, 0.40444327013774234, 0.16249583358670067, 0.38524907236255024], "timestep": [273, 853, 2688, 402, 1897, 3000, 362, 87, 343, 1334]}, "210": {"drift": [0.2693927384667019, 0.19658932634166057, 0.28899948674526166, 0.20124531643095514, 0.51604169897812, 0.25346022699040394, 0.508717316949687, 0.27671367371252487, 0.22536605250682945, 0.22008417585596135], "timestep": [384, 873, 1070, 108, 919, 1596, 1121, 2025, 271, 363]}, "220": {"drift": [0.49593045118258305, 0.14338591425954494, 0.23496208584226047, 0.4388634996386389, 0.5758918776611565, 0.36097400247138917, 0.16980542697992654, 0.32945228374602437, 0.34208473018608426, 0.28677458250723126], "timestep": [505, 573, 183, 731, 857, 1284, 136, 403, 989, 3000]}, "230": {"drift": [0.15780499618243357, 0.20719781216808228, 0.30095720710833157, 0.23632688431974785, 0.32311113096868654, 0.23579914032689986, 0.4118447255564464, 0.33802017876182294, 0.33330461200324035, 0.3343784533256247], "timestep": [893, 142, 260, 804, 2266, 412, 686, 785, 840, 839]}, "240": {"drift": [0.42092263406920494, 0.22951533006888503, 0.4943130583428416, 0.418060223060267, 0.5087012648186138, 0.2604591328456494, 0.2716641473793168, 0.31725628833593705, 0.2863899098075882, 0.14752869781154382], "timestep": [547, 365, 360, 2223, 395, 741, 722, 2075, 2663, 95]}, "250": {"drift": [0.2835948256920291, 0.1709082163218694, 0.36772139306895923, 0.2621133002991993, 0.262283483009602, 0.4706960134922983, 0.20406870939626565, 0.21015282850960967, 0.3938810537722442, 0.3511066769680107], "timestep": [2912, 414, 928, 1030, 1384, 1997, 139, 236, 1381, 1078]}, "260": {"drift": [0.19865904353105093, 0.3266834437209208, 0.36938057884598646, 0.34338301465025706, 0.24875240132099674, 0.32799824180042375, 0.3463986342570606, 0.24656505927787775, 0.3063846138239184, 0.36383944253155304], "timestep": [277, 2000, 2322, 447, 660, 703, 2161, 1143, 1581, 1996]},