{"0": {"drift": [0.176968422870712, 0.1438897770828494, 0.18346877430645855, 0.27357294174783464, 0.16393355977817523, 0.26732720754230227, 0.1401242410673764, 0.18979709771406406, 0.18275087882833493, 0.16973222420487566], "timestep": [2296, 3000, 3000, 432, 1072, 3000, 3000, 3000, 3000, 3000]}, "10": {"drift": [0.27456373101512427, 0.21572913224825685, 0.15172062106032044, 0.2317055852330631, 0.25591512761341606, 0.23515554016077278, 0.28508011721072435, 0.1999017678902902, 0.15871885839046054, 0.2626501647071585], "timestep": [3000, 1748, 2879, 3000, 3000, 1801, 2745, 3000, 1857, 2877]}, "20": {"drift": [0.23335167471656487, 0.2539789286945367, 0.3211894411185672, 0.14927316118352155, 0.1757591527913379, 0.2586993410737292, 0.21697612702134483, 0.11663697243519743, 0.21045962672742702, 0.23105925549689274], "timestep": [2865, 108, 2476, 2129, 367, 3000, 2927, 107, 2459, 3000]}, "30": {"drift": [0.2543613944081531, 0.15112837341601146, 0.1750135880892751, 0.20059521308585732, 0.20121172966444908, 0.18096695195256504, 0.20148147917590484, 0.22091644837411387, 0.30588508385935637, 0.20438410973793822], "timestep": [3000, 95, 3000, 2403, 100, 3000, 3000, 3000, 2705, 3000]}, "40": {"drift": [0.24311704251123079, 0.16162185461454584, 0.3009287219479015, 0.20060025080732785, 0.28037350497638325, 0.2652823929394424, 0.37446254963517295, 0.17722869716082748, 0.22597083016537747, 0.2548376865766063], "timestep": [3000, 3000, 673, 3000, 2830, 2063, 134, 1236, 3000, 3000]}, "50": {"drift": [0.1952275529526827, 0.21911363276341134, 0.15668561794604874, 0.25915765906835353, 0.2936195282137014, 0.31952504244830543, 0.24710026884947656, 0.2977977179214416, 0.22824979859046504, 0.20823138707176847], "timestep": [3000, 3000, 3000, 3000, 2175, 1646, 3000, 1289, 788, 3000]}, "60": {"drift": [0.250365955538576, 0.24306953568090042, 0.3018377832423921, 0.16209971973289403, 0.3217482020759769, 0.40673391911219126, 0.17613409430194477, 0.22240188745352057, 0.19168842322664242, 0.21693027804740508], "timestep": [415, 3000, 2281, 1014, 2974, 234, 238, 3000, 3000, 3000]}, "70": {"drift": [0.22937558559939325, 0.27502311856879, 0.420382899566711, 0.14454301647150086, 0.24398620490326678, 0.3194610796014605, 0.26006424810165374, 0.20627428618975163, 0.19636808011416235, 0.1633594692798621], "timestep": [1147, 1729, 144, 381, 964, 3000, 3000, 118, 305, 1952]}, "80": {"drift": [0.08965370194334282, 0.21045968182930697, 0.2961624686643158, 0.2805855215238687, 0.35328271389202187, 0.25009874895139195, 0.24016969897266058, 0.21791868925896854, 0.21148121961150426, 0.3811566322629313], "timestep": [198, 2764, 3000, 1772, 3000, 3000, 1377, 407, 1778, 709]}, "90": {"drift": [0.37686733433015335, 0.2920551981489402, 0.41184596713390637, 0.2407443434289898, 0.30673821132710527, 0.24796474853747977, 0.25151499308040626, 0.2154344342484392, 0.2859878361155527, 0.4465544570348879], "timestep": [3000, 1341, 3000, 2242, 2675, 352, 3000, 1172, 3000, 3000]}, "100": {"drift": [0.28064867134595756, 0.19024889114759277, 0.3242311570619413, 0.2168459242795154, 0.33092080438516785, 0.3342327220793293, 0.1957782847206133, 0.36897141595831096, 0.4596276919726662, 0.22130725197388376], "timestep": [1820, 1552, 984, 885, 3000, 3000, 90, 1901, 2651, 3000]}, "110": {"drift": [0.33067238235143503, 0.20559722313870768, 0.33440682432898744, 0.3265362419955749, 0.37091353135396465, 0.4294351768913244, 0.2992940430154029, 0.10766916792787751, 0.32185344044898817, 0.266430559980778], "timestep": [2374, 2240, 1618, 1631, 628, 3000, 2590, 121, 3000, 3000]}, "120": {"drift": [0.3379940205476782, 0.2359378663757287, 0.3409526397900637, 0.34381806240551627, 0.12038529590096286, 0.31071654659569636, 0.3006126427215778, 0.16406066205431763, 0.23967747224282976, 0.2928170917783709], "timestep": [1396, 2963, 423, 3000, 127, 3000, 3000, 99, 1111, 3000]}, "130": {"drift": [0.35814842334988284, 0.37096608330987124, 0.4937388584913862, 0.40527329738080753, 0.33600963863637645, 0.5369387195934318, 0.3950031603922364, 0.29161569458352415, 0.4657009721280905, 0.3038016102776944], "timestep": [3000, 3000, 103, 2606, 2693, 968, 3000, 3000, 3000, 423]}, "140": {"drift": [0.5140353397827949, 0.4272501401632807, 0.3572052088547939, 0.340500237964584, 0.36433102016046465, 0.35743361351178965, 0.25667057814523914, 0.34837825847229675, 0.3947553523462951, 0.45414665982073327], "timestep": [1212, 2721, 1068, 3000, 950, 148, 2123, 3000, 3000, 3000]}, "150": {"drift": [0.23003612256122224, 0.3072066807377815, 0.22689505748188601, 0.3443538529744047, 0.32438885211245916, 0.25588869214288307, 0.3005500790953016, 0.3102640735642026, 0.3519108811159509, 0.36706008021508696], "timestep": [1389, 2525, 142, 1493, 3000, 3000, 3000, 2194, 895, 3000]}, "160": {"drift": [0.1116401906306363, 0.3674248387371343, 0.3718405760774168, 0.29139895484065453, 0.44037997270965784, 0.37157936606065023, 0.26550031895916565, 0.27786698634178425, 0.38743942242207946, 0.33371358899049286], "timestep": [121, 3000, 3000, 2208, 2967, 131, 1387, 153, 3000, 1693]}, "170": {"drift": [0.2769414843068335, 0.27967530372384736, 0.38589567862246227, 0.2624506618763107, 0.43577948212931616, 0.3537683678254475, 0.2184577893539396, 0.14396075309539755, 0.24631192258889847, 0.3239224347289078], "timestep": [581, 3000, 1629, 2295, 1744, 3000, 880, 472, 457, 3000]}, "180": {"drift": [0.13397717624863306, 0.24819387077269725, 0.34071420498296967, 0.34626261461570784, 0.3844659529878852, 0.2346760450612193, 0.31467906686757147, 0.2994283014378692, 0.3489171132777113, 0.3529783449538679], "timestep": [154, 101, 464, 2464, 3000, 1058, 3000, 441, 3000, 2556]}, "190": {"drift": [0.3100846924929374, 0.3725269397168545, 0.3582729723297645, 0.3566881632429845, 0.1470345825038183, 0.33054961156914514, 0.4525668589500669, 0.29832092421218676, 0.4553234037060868, 0.5212610551764132], "timestep": [3000, 568, 3000, 1956, 371, 2168, 905, 531, 2070, 666]}, "200": {"drift": [0.31488533896130066, 0.17342639150794387, 0.26935382546846587, 0.2831254782224483, 0.38346367053291286, 0.3579607588518435, 0.22565930937989115, 0.19808067295361936, 0.29087324583964563, 0.4157469015266758], "timestep": [3000, 493, 3000, 482, 2857, 3000, 572, 413, 3000, 3000]}, "210": {"drift": [0.30846751626864743, 0.3132444059768214, 0.3751925632059798, 0.19280759133718012, 0.3874665574191613, 0.26446382400415375, 0.4893560536408915, 0.12855782442348557, 0.33486494404195866, 0.386374113376738], "timestep": [900, 3000, 3000, 526, 3000, 1073, 1614, 405, 554, 3000]}, "220": {"drift": [0.2530921760217569, 0.2889633701959056, 0.31831105573371626, 0.4746844134297684, 0.22735568665031822, 0.33735794431248134, 0.45952812565106205, 0.3561701816498569, 0.26189780196058027, 0.33869056693773125], "timestep": [3000, 185, 733, 1583, 149, 3000, 1527, 3000, 1827, 3000]}, "230": {"drift": [0.2655046748265666, 0.24862134592475127, 0.3102679518125224, 0.2699886443865794, 0.3351109671990511, 0.29369156836781773, 0.3953982741237105, 0.26861079275753763, 0.1951505894404757, 0.30763840612007093], "timestep": [506, 3000, 2804, 3000, 3000, 207, 920, 1176, 375, 3000]}, "240": {"drift": [0.2908049987712338, 0.24580178275228243, 0.3229740266811675, 0.30353581180501565, 0.3043420001170357, 0.28432736341791387, 0.3209258226295866, 0.26802090706777776, 0.279566655691704, 0.31312007831827077], "timestep": [3000, 458, 3000, 3000, 2194, 3000, 654, 1817, 3000, 3000]}, "250": {"drift": [0.4954089693427982, 0.2917117064346057, 0.19430753741378753, 0.1765757320091143, 0.2856212119827212, 0.3237697194039623, 0.3285685091799712, 0.20879772574892105, 0.28653284927191774, 0.3160306601667421], "timestep": [1211, 3000, 3000, 808, 3000, 1400, 3000, 417, 114, 3000]}, "260": {"drift": [0.21801109687362713, 0.22661887529239957, 0.19518390406458916, 0.2764608610692284, 0.27425649651411127, 0.3319377056166778, 0.28280792551278244, 0.3082039271210008, 0.376106604684315, 0.33568791140937354], "timestep": [2363, 3000, 3000, 3000, 3000, 3000, 2060, 3000, 940, 3000]},