{"0": {"drift": [0.1758931044807102, 0.2045905516283142, 0.15579411270638005, 0.19675817221801917, 0.18146472160799734, 0.1621086145805679, 0.20327186979898984, 0.22843957272692825, 0.210463461203963, 0.1922896376669124], "timestep": [3000, 255, 3000, 1372, 641, 3000, 1269, 3000, 3000, 3000]}, "10": {"drift": [0.4610670321159878, 0.20441928276747331, 0.18081575207375966, 0.1527443425025084, 0.2052604842324077, 0.18155331304077102, 0.3570408561872338, 0.18035312769390435, 0.28414449733586333, 0.20415262448242225], "timestep": [912, 3000, 2911, 3000, 3000, 3000, 3000, 3000, 1337, 3000]}, "20": {"drift": [0.18942252320681727, 0.16471660944542996, 0.1809697287125915, 0.1800977195621653, 0.2566527028273016, 0.2663398614651232, 0.18653125468818774, 0.2552373022729506, 0.15227325884240872, 0.32173034566537806], "timestep": [3000, 3000, 3000, 3000, 3000, 1010, 3000, 3000, 3000, 3000]}, "30": {"drift": [0.18708839558264834, 0.20754736243038976, 0.1620527465034553, 0.19802488353516975, 0.14695181859521989, 0.35439141151342185, 0.16417755331320355, 0.2410594685003932, 0.28860838106721437, 0.14911656810298993], "timestep": [2256, 3000, 3000, 3000, 1857, 2774, 3000, 3000, 1444, 1286]}, "40": {"drift": [0.19600586064043518, 0.16687125541408696, 0.20882488261453003, 0.23997941871802475, 0.20752405068357363, 0.3673030216074772, 0.1601321748323487, 0.20274963877797036, 0.11452856841451263, 0.1568621289387008], "timestep": [3000, 3000, 3000, 3000, 3000, 432, 3000, 3000, 1000, 3000]}, "50": {"drift": [0.18969643167178826, 0.1926521002773629, 0.21503831222625006, 0.2536502094427719, 0.2605394458720845, 0.16216401288243615, 0.20922435285469165, 0.15538867747412613, 0.15906807736789702, 0.1647369067856596], "timestep": [2132, 3000, 3000, 2219, 3000, 772, 3000, 3000, 3000, 3000]}, "60": {"drift": [0.28426706745658686, 0.3599583597199856, 0.3127594374852048, 0.2534533825223793, 0.145380487759015, 0.1633340091539293, 0.17108097344625364, 0.18630444224288964, 0.12936104683225402, 0.23067836707675662], "timestep": [3000, 973, 3000, 3000, 3000, 3000, 3000, 3000, 2488, 706]}, "70": {"drift": [0.1513520390292253, 0.2614424062900907, 0.20583661372391546, 0.20877235435048883, 0.15596986605110283, 0.22891644938037475, 0.3068427890457807, 0.2797407268953368, 0.1666303557597223, 0.17207097309897795], "timestep": [3000, 3000, 735, 3000, 1903, 846, 3000, 619, 3000, 1945]}, "80": {"drift": [0.2653210859914418, 0.22409842771942137, 0.1867669135716643, 0.14828103822775635, 0.176465270837223, 0.1571000392642828, 0.31814903500026404, 0.13197081719605877, 0.2631938407804939, 0.21669366536471948], "timestep": [3000, 3000, 3000, 3000, 2404, 3000, 3000, 1412, 319, 3000]}, "90": {"drift": [0.2504395796366941, 0.21054563037845272, 0.2621076287766758, 0.18869212539773048, 0.25895549298363674, 0.19253175238170955, 0.23421508566092325, 0.2206272960902059, 0.17450426507570796, 0.3618056084385934], "timestep": [3000, 999, 3000, 3000, 3000, 820, 3000, 1847, 3000, 1659]}, "100": {"drift": [0.304143681020631, 0.14266340782003228, 0.1762378973867451, 0.22648643566777618, 0.21214724528461687, 0.19181300233422913, 0.18545260715038492, 0.24371671375271578, 0.28463475927724147, 0.30480958595285407], "timestep": [749, 635, 1422, 3000, 1132, 2065, 3000, 3000, 3000, 2582]}, "110": {"drift": [0.34892700664607096, 0.20350808043518195, 0.172683513944832, 0.1655670531263135, 0.2964867288742081, 0.2437869288327519, 0.26745199894841576, 0.12918681764084816, 0.18463009940058508, 0.20545554499612953], "timestep": [743, 681, 1408, 632, 3000, 776, 3000, 3000, 2879, 3000]}, "120": {"drift": [0.24386415324302885, 0.22455883069591118, 0.3416602955576252, 0.21920331210405172, 0.3623465161147793, 0.18037480342214512, 0.3440334961034916, 0.2336123738266443, 0.2942549380249318, 0.3146300959539839], "timestep": [2163, 2549, 1674, 2050, 1404, 690, 3000, 3000, 3000, 3000]}, "130": {"drift": [0.38600002776707204, 0.220275961659164, 0.38352378789887837, 0.25766958653913746, 0.30130773165299257, 0.24139605060696492, 0.13727232606987694, 0.2823236532089288, 0.16716707695646152, 0.34323478179772643], "timestep": [2097, 2930, 2605, 3000, 3000, 2536, 642, 3000, 1116, 1323]}, "140": {"drift": [0.43626276898150174, 0.2909403681410166, 0.2423105893383782, 0.24409760543140308, 0.2944652263865324, 0.36843935738007455, 0.4739969343054835, 0.2470232161018661, 0.2260297424094069, 0.38873924547738387], "timestep": [3000, 1392, 1403, 3000, 3000, 1611, 2790, 3000, 1611, 2197]}, "150": {"drift": [0.23780575468700066, 0.27808197254934947, 0.24820554040889617, 0.25971651016061004, 0.323763440145121, 0.1488262440536769, 0.2031582189848242, 0.49158547165261135, 0.33190489875298973, 0.38885378313173974], "timestep": [3000, 3000, 660, 3000, 2658, 574, 1272, 3000, 3000, 2283]}, "160": {"drift": [0.2957953858712324, 0.14106910146633783, 0.29075697913096576, 0.2954499183247115, 0.37415903209483803, 0.32391297554766174, 0.35319305987940963, 0.2395659607465985, 0.2732088223630207, 0.2747339914679986], "timestep": [1488, 395, 2768, 3000, 3000, 1658, 1389, 2390, 2710, 1139]}, "170": {"drift": [0.38986749159028067, 0.30163123697700817, 0.5008388739962486, 0.2080843581299173, 0.34480044560523676, 0.2524792431735467, 0.33918502507321946, 0.24309795405709742, 0.28438942102551285, 0.372616735873879], "timestep": [3000, 2132, 3000, 1960, 3000, 2638, 3000, 977, 3000, 3000]}, "180": {"drift": [0.33371255742931566, 0.22470795528624576, 0.2526410968396504, 0.26978612529700896, 0.5228933720938455, 0.28795623246736624, 0.312592692565824, 0.4101736798645609, 0.3786289006367547, 0.30805231090991947], "timestep": [3000, 679, 1387, 3000, 3000, 3000, 2030, 3000, 1996, 3000]}, "190": {"drift": [0.2394959534897244, 0.2874221582445417, 0.22557663693113075, 0.3031536100198371, 0.27403420799010264, 0.3160306491064365, 0.2506902300076338, 0.3085762774521969, 0.2768475197523957, 0.26345847358721153], "timestep": [2501, 3000, 540, 3000, 3000, 3000, 1474, 3000, 1221, 2334]}, "200": {"drift": [0.2813553194053899, 0.25702293993990866, 0.4054213867915037, 0.35715188630513134, 0.2537033662006916, 0.27860785049020903, 0.2980183816170097, 0.32821880814312976, 0.399049452910934, 0.23911070663462303], "timestep": [1151, 3000, 205, 2918, 3000, 3000, 3000, 3000, 3000, 661]}, "210": {"drift": [0.247472782909324, 0.39409855546837524, 0.4284826508049639, 0.22132139770461243, 0.2224339344104739, 0.2603170682372877, 0.2638214942028891, 0.3234518328809577, 0.30465887242941797, 0.3857153223522598], "timestep": [825, 3000, 708, 633, 492, 3000, 731, 3000, 3000, 716]}, "220": {"drift": [0.32779196454398124, 0.2193860238206043, 0.24127709005282827, 0.21762848607203533, 0.2802700575053395, 0.29523011449837966, 0.2888102470494173, 0.1897498104511863, 0.2798850851283395, 0.2286364163953627], "timestep": [3000, 1376, 1983, 3000, 1293, 3000, 2792, 1833, 658, 939]}, "230": {"drift": [0.25154888412057647, 0.27044355424828176, 0.3061223088536387, 0.28090661792195004, 0.26262119034328363, 0.17767139581394725, 0.5827492475661097, 0.31816278492141487, 0.21071888921009543, 0.17203092241664386], "timestep": [3000, 3000, 3000, 3000, 2692, 2184, 1236, 2816, 3000, 3000]}, "240": {"drift": [0.3110529157563423, 0.17140607865508373, 0.3548259065442405, 0.17814016771013957, 0.29108157581857547, 0.18148127733395325, 0.21994840089074438, 0.21169057065878877, 0.22631483391000434, 0.17730149813884763], "timestep": [1354, 690, 3000, 1820, 2155, 3000, 1241, 3000, 3000, 1247]}, "250": {"drift": [0.23473764356341392, 0.16938384279337224, 0.1365377726191718, 0.29619658383386144, 0.22581723392543837, 0.09754938321731739, 0.16155246119913072, 0.19573777940246148, 0.2001311364619857, 0.21580154667106874], "timestep": [2902, 1372, 2084, 523, 3000, 161, 1086, 1227, 3000, 3000]}, "260": {"drift": [0.22270628596557546, 0.1693244531455599, 0.161382195621525, 0.2974598947793238, 0.22307864758222162, 0.30414078155809465, 0.19876930596140968, 0.1493678805796982, 0.19297100205891782, 0.17698649709093964],